Iteracao,Uso de Memoria - atual (MB),Uso de Memoria - Pico (MB),Tempo de Execucao (s),X,Indice
0,2.8e-05,0.000228,372.70896792411804,41232,44999
1,2.8e-05,0.000228,369.2928249835968,41232,44999
