Iteracao,Uso de Memoria - atual (MB),Uso de Memoria - Pico (MB),Tempo de Execucao (s),X,Indice
0,0.000424,0.000564,0.0,574,0
1,2.4e-05,0.00014,0.0,574,0
2,2.4e-05,0.00014,0.0,574,0
3,2.4e-05,0.00014,0.0,574,0
4,2.4e-05,0.00014,0.0,574,0
5,2.4e-05,0.00014,0.0,574,0
6,2.4e-05,0.00014,0.0,574,0
7,2.4e-05,0.00014,0.0,574,0
8,2.4e-05,0.00014,0.0,574,0
9,2.4e-05,0.00014,0.0,574,0
