Iteracao,Uso de Memoria - atual (MB),Uso de Memoria - Pico (MB),Tempo de Execucao (s),X,Indice
0,0.000492,0.000752,350.72582960128784,415,327
1,5.2e-05,0.000288,344.1710135936737,415,327
