Iteracao,Uso de Memoria - atual (MB),Uso de Memoria - Pico (MB),Tempo de Execucao (s),X,Indice
0,2.8e-05,0.000228,3.7017104625701904,1209,4499
1,2.8e-05,0.000228,3.7013208866119385,1209,4499
