Iteracao,Uso de Memoria - atual (MB),Uso de Memoria - Pico (MB),Tempo de Execucao (s),X,Indice
0,0.000472,0.000644,1.6249897480010986,587361,0
1,2.4e-05,0.000172,1.7347614765167236,587361,0
