Iteracao,Uso de Memoria - atual (MB),Uso de Memoria - Pico (MB),Tempo de Execucao (s),X,Indice
0,0.000492,0.000752,768.72582960128784,8151,6993
1,5.2e-04,0.000288,766.1710135936737,8151,6993
