Iteracao,Uso de Memoria - atual (MB),Uso de Memoria - Pico (MB),Tempo de Execucao (s),X,Indice
0,0.000472,0.000944,382.26226043701,7344044,8999999
1,2.4e-05,0.000672,382.61596758423,7344044,8999999
