Iteracao,Uso de Memoria - atual (MB),Uso de Memoria - Pico (MB),Tempo de Execucao (s),X,Indice
0,0.000464,0.000608,0.046875953674316406,56,89
1,2.4e-05,0.000144,0.031244993209838867,56,89
