Iteracao,Uso de Memoria - atual (MB),Uso de Memoria - Pico (MB),Tempo de Execucao (s),X,Indice
0,0.012472,0.001357,4140.84904330210112,359255,449999
1,1.4e-03,0.000908,4140.34914230314152,359255,449999
