Iteracao,Uso de Memoria - atual (MB),Uso de Memoria - Pico (MB),Tempo de Execucao (s),X,Indice
0,0.000472,0.000644,0.3437492847442627,995838,0
1,2.4e-05,0.000172,0.35932278633117676,995838,0
