Iteracao,Uso de Memoria - atual (MB),Uso de Memoria - Pico (MB),Tempo de Execucao (s),X,Indice
0,0.016472,0.002684,8840.97480010986,872352,4499999
1,1.2e-03,0.001592,8840.614765167236,872352,4499999
