Iteracao,Uso de Memoria - atual (MB),Uso de Memoria - Pico (MB),Tempo de Execucao (s),X,Indice
0,0.0,0.000196,0.0,13472,-1
1,0.0,0.000196,0.0,13472,-1
2,0.0,0.000196,0.0,13472,-1
3,0.0,0.000196,0.0,13472,-1
4,0.0,0.000196,0.0,13472,-1
5,0.0,0.000196,0.0,13472,-1
6,0.0,0.000196,0.0,13472,-1
7,0.0,0.000196,0.0,13472,-1
8,0.0,0.000196,0.0,13472,-1
9,0.0,0.000196,0.0,13472,-1
