Iteracao,Uso de Memoria - atual (MB),Uso de Memoria - Pico (MB),Tempo de Execucao (s),X,Indice
0,0.000472,0.002644,205.37492847442627,657723,899999
1,2.4e-05,0.001572,221.35932278633117676,657723,899999
