Algoritmos,Instância 100,Instância 200,Instância 1000,Instância 2000,Instância 5000,Instância 10000,Instância 50000,Instância 100000,Instância 500000,Instância 1000000,Instância 5000000,Instância 10000000,Instância 100000000
Busca Linear v1,0.0,0.0,0.0,0.0,0.000588059425354,0.0009389479955037366,0.016914033889770464,0.032852888107299756,0.17177729606628414,0.34097423553466794,1.5888821601867675,3.2508037646611534,31.665971509615577
Busca Linear v2,0.0,0.0,0.0,0.0007854541142781267,0.0012993812561034965,0.0012938102086385034,0.011326082547505665,0.022731892267862926,0.11511747837066648,0.11246036688486734,0.36413043340047196,1.3034506956736245,8.97635150750478
Busca Binária,0.0,0.0,0.0,0.0,0.0,0.0,0.0,0.0,0.0,0.0,0.0,0.0,0.0
Busca Quadrática,0.0,0.0,0.09424610932668048,0.6194536089897156,3.642977714538574,14.584482669830322,185.51226443052292,723.1850628852844,29.314324812154837,106.85933083295822,1303.7373291254034,193.00474085226054,4374.330623090267
Busca Ternária,0.0,0.0,0.0,0.0,0.0,0.0,0.0,0.0,0.0,0.0,0.0,0.0,0.0
Busca Cúbica,0.0390604734420776,0.0768245458602905,200.727436542511,347.4484215974808,647.4484215974808,767.4484215974808,1793.9484215974808,2820.448421597481,4140.599092802621,6768.571256303788,8840.794782638548,14400.43911401062,18000.31143474579