Iteracao,Uso de Memoria - atual (MB),Uso de Memoria - Pico (MB),Tempo de Execucao (s),X,Indice
0,0.0,0.000228,0.5956590175628662,54323,-1
1,0.0,0.000228,0.5961399078369141,54323,-1
