Iteracao,Uso de Memoria - atual (MB),Uso de Memoria - Pico (MB),Tempo de Execucao (s),X,Indice
0,0.000472,0.000644,3.468776226043701,7579820,0
1,2.4e-05,0.000172,3.671959161758423,7579820,0
