Iteracao,Uso de Memoria - atual (MB),Uso de Memoria - Pico (MB),Tempo de Execucao (s),X,Indice
0,0.0,0.000228,0.1254122257232666,20096,-1
1,0.0,0.000228,0.14355158805847168,20096,-1
