Iteracao,Uso de Memoria - atual (MB),Uso de Memoria - Pico (MB),Tempo de Execucao (s),X,Indice
0,0.000472,0.001644,2610.97480010986,872352,4499999
1,2.4e-05,0.001272,2600.614765167236,872352,4499999
